{
    "16": [
        [
            -0.03125880631777905,
            0.4552849343995554
        ],
        [
            0.05813483801769738,
            -0.06677351183846149
        ],
        [
            0.26106428047327046,
            -0.311680736642722
        ],
        [
            0.15753439079509135,
            -0.3173105939979704
        ],
        [
            -0.07808138138269259,
            -0.27333489880515327
        ],
        [
            -0.11907373635727958,
            -0.24655469939271216
        ],
        [
            -0.08687134191322698,
            -0.14478385646679898
        ]
    ],
    "13": [
        [
            -0.0555071208084235,
            0.1997667001358361
        ],
        [
            -0.07410893319396752,
            0.26389579697621396
        ],
        [
            -0.021659888085291165,
            -0.1276856863279535
        ],
        [
            0.030064063564361136,
            -0.17323852640560386
        ],
        [
            0.08887895883033957,
            -0.15852620149969493
        ],
        [
            0.10131513368609522,
            -0.14549428427288924
        ],
        [
            0.06470166750394647,
            -0.08679124805943013
        ]
    ],
    "14": [
        [
            0.014168021069124619,
            0.23716414185587859
        ],
        [
            -0.008149830501346449,
            0.2930602273160159
        ],
        [
            0.002842883764596786,
            0.07550342692637318
        ],
        [
            0.0071928364957265355,
            -0.21817848435732207
        ],
        [
            -0.07235213906206724,
            -0.2119530854892986
        ],
        [
            -0.08224842083724078,
            -0.16692928340781996
        ],
        [
            -0.01863220789889597,
            -0.05038732761400427
        ]
    ],
    "15": [
        [
            -0.09899442034002118,
            0.43173812510364756
        ],
        [
            -0.13331862867694683,
            0.567414748600443
        ],
        [
            -0.12503607409203077,
            0.35395385980662913
        ],
        [
            -0.13953288998735808,
            -0.1434113054238365
        ],
        [
            -0.08643728810348328,
            -0.2813640177586768
        ],
        [
            0.018880193276871255,
            -0.2969654169857769
        ],
        [
            0.22098144504537567,
            -0.2779730753425726
        ],
        [
            0.24217126696545171,
            -0.2571861059780117
        ],
        [
            0.15424603986551147,
            -0.14836731145252985
        ]
    ]
}