{
    "16": [
        [
            -0.15108241718892138,
            0.3300289311602044
        ],
        [
            -0.20360407508122053,
            0.4471670517369985
        ],
        [
            -0.04135181203475136,
            0.23794196179699606
        ],
        [
            0.13249453091691388,
            -0.07213051856576475
        ],
        [
            0.23232383436319393,
            -0.34788015501238
        ],
        [
            0.23718110389174443,
            -0.45780859534300156
        ],
        [
            0.16798400436779076,
            -0.3945224794300359
        ],
        [
            0.08191086502304545,
            -0.2676259433573124
        ],
        [
            -0.2134239360341643,
            0.28678271258943056
        ],
        [
            -0.22645805050133516,
            0.3395959603599058
        ],
        [
            -0.17452100212093685,
            0.27055503262962644
        ]
    ],
    "13": [
        [
            0.06385672846878641,
            0.15502644671108254
        ],
        [
            0.08473582511360751,
            0.21055160470177425
        ],
        [
            0.07125039017418353,
            0.2071847743609548
        ],
        [
            0.019726816506991214,
            0.11793124059929064
        ],
        [
            -0.1134225903352702,
            -0.23241803821156837
        ],
        [
            -0.12119835354636475,
            -0.28629113080758034
        ],
        [
            0.0777368331963448,
            0.12163149632356551
        ]
    ],
    "14": [
        [
            -0.05723207815282193,
            0.16117297703372999
        ],
        [
            -0.08256248373157156,
            0.22137416154986694
        ],
        [
            -0.026024548713893723,
            0.14483295621522352
        ],
        [
            0.05156621770707646,
            -0.002058994422832982
        ],
        [
            0.10425863410694527,
            -0.1606393543901258
        ],
        [
            0.10985563487631714,
            -0.23858065070752438
        ],
        [
            0.0641424962093614,
            -0.20046873123532355
        ],
        [
            0.025541728438780463,
            -0.12707334270668466
        ],
        [
            -0.09345048069587633,
            0.12942179234711035
        ],
        [
            -0.09257582615726088,
            0.15166834360063722
        ],
        [
            -0.06760607207788613,
            0.12295012494809525
        ]
    ],
    "15": [
        [
            0.12098819872073627,
            0.33337228447972755
        ],
        [
            0.15701835990119759,
            0.46108030182192056
        ],
        [
            0.07347074760528977,
            0.31028248634007194
        ],
        [
            -0.13830635791771026,
            -0.36195581697215284
        ],
        [
            -0.23570888690156788,
            -0.52947358747447
        ],
        [
            -0.17181914754367208,
            -0.4420430853250321
        ],
        [
            -0.037796909631499946,
            -0.17751491920236104
        ],
        [
            0.1793728663604198,
            0.2972494736680177
        ],
        [
            0.19295960330336798,
            0.3485640094853456
        ],
        [
            0.15165001660423943,
            0.2763490657947293
        ]
    ]
}