{"16": [[-0.352085468857276, 0.07703367847989924], [-0.4294794325799716, 0.0926158560842317], [-0.1972285792125104, -0.044854444266732976], [0.46260126328656664, 0.0323636338553283], [0.32175384199726736, 0.03576675853447784]], "14": [[-0.2417780052339578, 0.08419851035013293], [-0.3145990141735334, 0.11519490638475263], [-0.23829474426236918, 0.09108227492081018], [0.18277297674768767, -0.07224919781172973], [0.3231957061799701, -0.11479468856358307], [0.2152082034118452, -0.07386445958291284]], "15": [[-0.18163117242123192, 0.1201503450641642], [-0.21816936611702098, 0.13585403326579906], [-0.12497072307578479, 0.06370401191150064], [0.1426644252214533, -0.0772613309516995], [0.17271101277291306, -0.1062455934365597], [0.11093929201963246, -0.07111658648012219]]}