{
    "13": [
        [
            0.1968412206026044,
            -0.03272601803208987
        ],
        [
            0.09957996277769127,
            -0.0021694314163338184
        ],
        [
            -0.1784816452302038,
            0.007736884337665187
        ],
        [
            -0.3297626578729017,
            -0.03803931671680378
        ],
        [
            -0.25743848260891217,
            -0.02508458476420268
        ],
        [
            -0.14999070215319932,
            0.028985728493757624
        ],
        [
            -0.014877342362291247,
            0.15856445203147773
        ]
    ],
    "14": [
        [
            -0.18586585935480812,
            -0.06132524699235865
        ],
        [
            -0.24525497082962677,
            -0.0797575937457642
        ],
        [
            -0.21440384899044357,
            -0.07940835326031939
        ],
        [
            -0.13905718454329385,
            -0.056288748500713845
        ],
        [
            -0.03315429354180662,
            0.023473069619639502
        ],
        [
            0.07880959152754366,
            0.22170568006313832
        ],
        [
            0.16002944811004036,
            0.16204422378190436
        ],
        [
            0.2613313805076553,
            -0.08554777358928162
        ],
        [
            -0.04709667283342505,
            -0.037289857511446325
        ]
    ],
    "15": [
        [
            0.304191925799767,
            -0.044355844065897626
        ],
        [
            0.4160311020141584,
            -0.06804602737360374
        ],
        [
            0.35085426600746816,
            -0.06689171560702489
        ],
        [
            0.10111792311602916,
            -0.0018255724636848428
        ],
        [
            -0.15272611012759707,
            0.02254896368409983
        ],
        [
            -0.3864446075657735,
            -0.021128181006889412
        ],
        [
            -0.4986042054773879,
            -0.0679072005589354
        ],
        [
            -0.4397734247214777,
            -0.06259030715486258
        ],
        [
            -0.26480141075064695,
            0.010913727368736113
        ],
        [
            -0.03134804568157695,
            0.1946309438279185
        ],
        [
            -0.021378044591012033,
            0.18188909021312694
        ]
    ],
    "16": [
        [
            -0.25193599295902513,
            -0.07394253352302341
        ],
        [
            -0.3368263556410968,
            -0.10069221435241639
        ],
        [
            -0.28651497443811086,
            -0.10161572012827301
        ],
        [
            -0.16647848886355163,
            -0.06395599418068265
        ],
        [
            -0.009973714039454159,
            0.03215604957444872
        ],
        [
            0.09674098456491717,
            0.1398668642700095
        ],
        [
            0.1349050594328479,
            0.2059010273372534
        ],
        [
            0.352539973229126,
            -0.07550483255847429
        ],
        [
            -0.03767858636468761,
            -0.04332542927162246
        ]
    ],
    "28": [
        [
            -0.02540035024197593,
            0.0598618577515596
        ],
        [
            -0.03336349720021668,
            0.07362682611795837
        ],
        [
            0.02493914454245661,
            0.08244410691227672
        ],
        [
            0.0485644879164326,
            0.04563288711899507
        ],
        [
            0.011936170453626587,
            -0.3106988676742068
        ],
        [
            0.006695645589629897,
            0.025513047767871222
        ],
        [
            -0.006640151279690891,
            0.1169450694551975
        ],
        [
            -0.018436215799115273,
            0.07908284022847026
        ]
    ]
}