{"26": [[-0.05499769353510969, 0.016886263712300675], [-0.007708921699233482, -0.3612555623237806], [0.008483522444538349, -0.24697678597975067], [0.025564723523919298, 0.20236702681737628]], "28": [[0.02644565875926266, 0.21426328642416212], [-0.02179259298678404, -0.062426325717598846], [-0.03962530516503736, -0.3585316332650265], [-0.03368218033323734, -0.47709154190105113], [-0.004856960843675054, 0.2249075533808249], [0.016506988713966275, 0.3231659250068428], [0.02589538069993308, 0.28190622349452477]]}