{
    "13": [
        [
            0.08448138662858878,
            0.15369887883921873
        ],
        [
            0.15356899670353769,
            0.15692150094407906
        ],
        [
            0.18470265507369837,
            0.09760568652991736
        ],
        [
            0.2106177372525587,
            -0.01318999551992965
        ],
        [
            -0.13188415996924657,
            -0.05519847614421031
        ],
        [
            -0.23544096697688702,
            -0.08852358805293652
        ],
        [
            -0.09981494178916685,
            -0.02633475995717001
        ]
    ],
    "15": [
        [
            0.32681089057699225,
            0.2724721542651652
        ],
        [
            0.46216980652693923,
            0.05119532927627855
        ],
        [
            0.4679933698333155,
            -0.025035034051414096
        ],
        [
            -0.4459047214914935,
            -0.13660349747246284
        ],
        [
            -0.4985373704267168,
            -0.13233517512909898
        ],
        [
            -0.4891552595213892,
            -0.11765155979085819
        ],
        [
            -0.2200997495892907,
            -0.052015515437361985
        ]
    ]
}