{
    "16": [
        [
            0.1056551676423803,
            0.022384665233861026
        ],
        [
            0.03973945811923342,
            0.06934222468144788
        ],
        [
            -0.07811774171680168,
            0.09702648876458408
        ],
        [
            -0.12577571788662592,
            0.039086423131594855
        ],
        [
            -0.17787591377387257,
            -0.1405583440221893
        ],
        [
            -0.13385355283856426,
            -0.07612406717619863
        ],
        [
            -0.04415698175393019,
            -0.01655776207942656
        ],
        [
            0.07072907116383487,
            0.01781634346046407
        ],
        [
            0.13132364000230462,
            0.018449280488467786
        ]
    ],
    "25": [
        [
            -0.07177444736088273,
            0.1179296730119376
        ],
        [
            0.06405295350548519,
            -0.0852475396377266
        ],
        [
            0.11319176041733853,
            -0.3618495394840538
        ],
        [
            0.11603237891772544,
            -0.15720256538456853
        ],
        [
            0.038644724992129016,
            0.09317612154894803
        ],
        [
            -0.03097250499786385,
            0.15123339126689167
        ],
        [
            -0.11222042683633825,
            0.16202217692922297
        ],
        [
            -0.08317962864380381,
            0.10607250431001988
        ]
    ],
    "27": [
        [
            -0.1487396410155057,
            0.18835060599939416
        ],
        [
            -0.14690086014624923,
            0.21260750566303527
        ],
        [
            -0.05180508515080631,
            0.14960331037441116
        ],
        [
            0.2055792699476422,
            -0.2673519258837656
        ],
        [
            0.28960938848646955,
            -0.5866930198155537
        ],
        [
            -0.11344860183698843,
            0.25101428188234937
        ],
        [
            -0.2576370798363715,
            0.24512909847996073
        ],
        [
            -0.18034127449686677,
            0.15717996238965004
        ]
    ]
}