{
    "13": [
        [
            -0.0022727102739083832,
            0.1442556920111678
        ],
        [
            0.031180722393612227,
            0.0005736019402653291
        ],
        [
            0.03229336668825636,
            -0.09729691889446035
        ],
        [
            -0.0013841615829759072,
            -0.20722429814445045
        ],
        [
            -0.05520238292323172,
            -0.3023792585207225
        ],
        [
            -0.003090938946521995,
            0.05240534067044611
        ],
        [
            0.020489299403097436,
            0.12478925329890268
        ],
        [
            0.02068558172936728,
            0.14866799388263344
        ],
        [
            0.008630472292813562,
            0.12416466900366548
        ]
    ],
    "15": [
        [
            0.01970935856928726,
            0.3217184298663451
        ],
        [
            0.034251456735555026,
            0.35088035122087224
        ],
        [
            0.033906689130421844,
            0.1532105994365807
        ],
        [
            0.0033112999642142347,
            -0.196416444513308
        ],
        [
            -0.03779360262236621,
            -0.33469262592606186
        ],
        [
            -0.11637727308577128,
            -0.46741533882449826
        ],
        [
            0.0677808311797585,
            0.21411672564893613
        ],
        [
            0.07228628079088689,
            0.3379833295830248
        ],
        [
            0.05151931218106969,
            0.27930012083272454
        ]
    ]
}