{
    "13": [
        [
            -0.040341084486614366,
            0.19576758564077298
        ],
        [
            -0.05749332712386481,
            0.2652198337239797
        ],
        [
            -0.0051053672816584305,
            0.15153858469315445
        ],
        [
            0.059589175802060454,
            -0.13552733332264152
        ],
        [
            0.054805131940865094,
            -0.19495585974719887
        ],
        [
            -0.005949030513794247,
            -0.13721780933486377
        ],
        [
            -0.005457355980116621,
            -0.08384523463117431
        ]
    ],
    "15": [
        [
            -0.01133303005325548,
            0.43700090525691615
        ],
        [
            -0.025728671158681545,
            0.5948296239940061
        ],
        [
            -0.00243817374787118,
            0.25765695012379125
        ],
        [
            -0.007202171343214417,
            -0.08012265491327733
        ],
        [
            -0.05670488091422803,
            -0.3814331736246599
        ],
        [
            0.06241143870692511,
            -0.28079501038746224
        ],
        [
            0.03942786650148419,
            -0.1737153501000024
        ]
    ]
}