{"16": [[-0.25543425004331327, 0.3771806180584636], [0.174419012953434, -0.2611013206380222], [0.08947972719802395, -0.07935006957694386]], "14": [[-0.1796441788857013, 0.3299315908853637], [-0.16110120637610761, 0.2535321060474807], [-0.036570257698414044, 0.016178726510785287], [0.12813699403055145, -0.19258027493995353], [0.059493388062690125, -0.07426269586179345]]}