{
    "16": [
        [
            0.21707867387346447,
            0.3974923033947215
        ],
        [
            0.2968374081663344,
            0.5459898357686683
        ],
        [
            0.23867491165187224,
            0.4439001468480748
        ],
        [
            0.14631073797156524,
            0.10956309966768528
        ],
        [
            0.12528692935625563,
            -0.196339224062348
        ],
        [
            -0.0038505124064435146,
            -0.2723498932203475
        ],
        [
            -0.4326836266103572,
            -0.39669699671409814
        ],
        [
            -0.27542392476275546,
            -0.2636111447412267
        ]
    ],
    "13": [
        [
            -0.07791559353583032,
            0.1440375869254178
        ],
        [
            -0.10823820538929244,
            0.2034570767292799
        ],
        [
            -0.05271021159953584,
            0.04472131588483562
        ],
        [
            0.11799279709399826,
            -0.13840999072531776
        ],
        [
            0.1401542371023062,
            -0.20897114078266663
        ],
        [
            0.13681866686782088,
            -0.2554117765349554
        ],
        [
            0.08713559251133857,
            -0.1771334182198757
        ]
    ],
    "14": [
        [
            0.10278072472462284,
            0.15048131907084927
        ],
        [
            0.13647537604060872,
            0.20958072117076593
        ],
        [
            0.08502099769724014,
            0.09615349986954527
        ],
        [
            -0.12404118558439615,
            -0.17071438144060966
        ]
    ],
    "15": [
        [
            -0.12193689243172554,
            0.41797661152291565
        ],
        [
            -0.17206357658402333,
            0.5776874477880105
        ],
        [
            -0.13177372713101967,
            0.18153918254408352
        ],
        [
            -0.1339889460826012,
            -0.18707426726749438
        ],
        [
            0.14207104527263345,
            -0.30071986510615123
        ],
        [
            0.300757071819574,
            -0.40478989017048533
        ],
        [
            0.20103713969457515,
            -0.26759346558986646
        ]
    ]
}