{
    "16": [
        [
            -0.0058099408770236486,
            0.23619393006437914
        ],
        [
            -0.01239448171704149,
            0.31873019666216046
        ],
        [
            0.06224652550232751,
            0.29552895866020873
        ],
        [
            -0.16949999875378755,
            0.13647612612245774
        ],
        [
            -0.05573281706002377,
            0.22468871375956928
        ],
        [
            0.009823967755273989,
            0.21390944278311438
        ],
        [
            0.02311236140191234,
            0.17393855876563413
        ]
    ],
    "14": [
        [
            0.00414183797433335,
            0.102312441804009
        ],
        [
            0.0043479039264037,
            0.13725972400114686
        ],
        [
            0.024070283046630957,
            0.1405870526443336
        ],
        [
            -0.12102632678648,
            -0.13775021679320237
        ],
        [
            -0.09087636692278186,
            -0.005003035400436585
        ],
        [
            -0.02280927631862765,
            0.0913220499912672
        ],
        [
            0.0021039058983763678,
            0.09867722584924565
        ],
        [
            0.007509540651436196,
            0.07532272926405152
        ]
    ]
}