{
    "26": [
        [
            0.10937562386237339,
            0.12807291772159468
        ],
        [
            0.08377009666117946,
            0.13845915812414833
        ],
        [
            -0.021226796290488043,
            0.06565991942010596
        ],
        [
            -0.13732276739264354,
            -0.060435824565474416
        ],
        [
            -0.19911231111316147,
            -0.2086954866414825
        ],
        [
            -0.17965873675928928,
            -0.30392939919205814
        ],
        [
            -0.11517719474319896,
            -0.1613562806835512
        ],
        [
            -0.018293239837455556,
            -0.0108060941485466
        ],
        [
            0.08645917595703158,
            0.1178860577728404
        ],
        [
            0.17437309227095626,
            0.18298065983634298
        ],
        [
            0.11224667750590916,
            0.11655844039994549
        ]
    ],
    "28": [
        [
            0.18882655687804167,
            0.19326585598182444
        ],
        [
            0.18229108021433216,
            0.22506323971647987
        ],
        [
            0.013057899950331034,
            0.11641586747931992
        ],
        [
            -0.22892343099816095,
            -0.12511364160686664
        ],
        [
            -0.4203917893054561,
            -0.420882383425116
        ],
        [
            -0.48939597026217696,
            -0.5843149980126043
        ],
        [
            -0.13351913274536492,
            -0.13769759502050988
        ],
        [
            0.22211194958568464,
            0.22897451033761151
        ],
        [
            0.2737405201292385,
            0.27075621812788914
        ],
        [
            0.2940240586643673,
            0.2680061799597794
        ],
        [
            0.19222148435272443,
            0.17023407436022242
        ]
    ]
}