{
    "16": [
        [
            0.016201063708933126,
            0.3895907772166363
        ],
        [
            0.019211334839593624,
            0.5304421329461605
        ],
        [
            -0.019825278909292244,
            0.3640769538442913
        ],
        [
            -0.05041696218305067,
            0.13424751789348408
        ],
        [
            -0.05575601793081613,
            -0.045418519000651345
        ],
        [
            0.03039253959317595,
            -0.3457527739498893
        ],
        [
            0.06647340970567818,
            -0.38252256199612256
        ],
        [
            0.04860834879358973,
            -0.2766225219763486
        ],
        [
            -0.03231323499958462,
            -0.03309685044559273
        ]
    ],
    "14": [
        [
            0.03843707588781601,
            0.16904680100024747
        ],
        [
            0.05185480720346644,
            0.2293787595459409
        ],
        [
            -0.050010004635107484,
            0.05473418150052448
        ],
        [
            -0.07209679122553084,
            -0.029576095951112397
        ],
        [
            -0.007255150369984685,
            -0.15127125151239112
        ],
        [
            0.07461833478423571,
            -0.24131732043351037
        ],
        [
            -0.040247239393496045,
            -0.030605363840753776
        ],
        [
            -0.0368682127072614,
            0.015876800528876474
        ]
    ]
}