{
    "16": [
        [
            -0.12591124670953005,
            0.20658925978524845
        ],
        [
            -0.16965241850578777,
            0.2629729269620672
        ],
        [
            -0.20429433755748028,
            0.2727160083323612
        ],
        [
            -0.2125258465704724,
            0.2389285707383478
        ],
        [
            -0.1749117053482369,
            0.15547767378514019
        ],
        [
            -0.2443255294921477,
            -0.07359099027341871
        ],
        [
            0.06623047679661972,
            -0.2000766542356674
        ],
        [
            0.3572414594424778,
            -0.25984992442074517
        ],
        [
            0.495149916949404,
            -0.2554267963462629
        ],
        [
            0.3518745892549264,
            -0.24788743024888188
        ],
        [
            0.14595168095902844,
            -0.18360488444194872
        ]
    ],
    "14": [
        [
            -0.09970917630308025,
            0.0772106449959034
        ],
        [
            -0.13765407440443336,
            0.10841948299507048
        ],
        [
            -0.08905801283498796,
            0.10871738620885475
        ],
        [
            -0.0468900266027064,
            0.16875172111983483
        ],
        [
            -0.08561565498683546,
            -0.08668579231693332
        ],
        [
            0.10627376233954883,
            -0.13926234130196807
        ],
        [
            0.2809200750524059,
            -0.15535427338756255
        ],
        [
            0.18243210020264752,
            -0.1516583758785577
        ],
        [
            0.05678131463652133,
            -0.1111985358962968
        ]
    ]
}