{
    "16": [
        [
            0.051303253723143205,
            0.2602762865437484
        ],
        [
            0.06512343614378796,
            0.33014257015481024
        ],
        [
            0.05529577681572504,
            0.3533572225647259
        ],
        [
            -0.01804312521932546,
            0.2492851983255948
        ],
        [
            -0.07927529169056456,
            -0.10974714313064168
        ],
        [
            -0.06531875785225726,
            -0.38673487059307377
        ],
        [
            -0.01527867179138816,
            -0.5574633545465738
        ],
        [
            0.021143456173208654,
            -0.5907279191307965
        ],
        [
            -0.028943875915191077,
            -0.2168909266298892
        ],
        [
            -0.027662958433585103,
            0.18863132769153773
        ],
        [
            0.038675959534667986,
            0.3004256147923717
        ],
        [
            0.04115724576681952,
            0.23971172754022446
        ]
    ],
    "25": [
        [
            -0.007500239486469611,
            0.14004055753403538
        ],
        [
            -0.004252639040226753,
            0.1903090708307357
        ],
        [
            0.007204201855654118,
            0.11992587558278817
        ],
        [
            -0.03823046408018301,
            -0.30619217826799466
        ],
        [
            -0.02992058561555857,
            -0.3817170195003784
        ],
        [
            -0.005964869863632288,
            -0.33366534827702765
        ],
        [
            0.011670170841787215,
            -0.17908919177368893
        ],
        [
            0.023375408351990035,
            0.1771973120638881
        ],
        [
            0.009337278420329408,
            0.1162548914541074
        ]
    ],
    "27": [
        [
            -0.026718235045810917,
            0.14708649801972465
        ],
        [
            -0.029175224924162652,
            0.1969947487533656
        ],
        [
            0.0015752429181173555,
            0.1548558556255095
        ],
        [
            0.011208723380826539,
            0.03113135803244691
        ],
        [
            -0.017820920010568574,
            -0.37745297344342593
        ],
        [
            0.019808316084748766,
            -0.2692587419938795
        ],
        [
            0.0350114778045175,
            -0.0021912703176241877
        ],
        [
            0.025773645511773628,
            0.17672452221698987
        ],
        [
            0.010051946658100854,
            0.20008543008549737
        ],
        [
            -0.010816265988561488,
            0.1266647643482594
        ]
    ],
    "14": [
        [
            0.031661626884293984,
            0.12113606545167643
        ],
        [
            0.038793293634094825,
            0.16354124528737668
        ],
        [
            -0.01210430129294663,
            0.12174772739333703
        ],
        [
            -0.045719013828230126,
            -0.03133841449542994
        ],
        [
            -0.03204374609755341,
            -0.23712625890900033
        ],
        [
            -0.0015614315264240051,
            -0.30599918608127186
        ],
        [
            -0.007394492643629612,
            0.04485373923706946
        ],
        [
            0.012070836704580054,
            0.14817834647421732
        ],
        [
            0.018885455044575627,
            0.11660377075314811
        ]
    ]
}