{
    "25": [
        [
            -0.07732183519737663,
            0.14013507800109037
        ],
        [
            -0.105062998975092,
            0.1831178948910328
        ],
        [
            0.05773042711719295,
            -0.05976233988804133
        ],
        [
            0.14060401588207327,
            -0.5014766240013409
        ],
        [
            0.133338715043365,
            -0.2188207392900433
        ],
        [
            -0.0067275697755235335,
            0.17331625790184638
        ],
        [
            -0.07153348249200644,
            0.18271609980298203
        ],
        [
            -0.08947471634794105,
            0.14906250205630425
        ],
        [
            -0.07968510895501275,
            0.11342935917391536
        ]
    ],
    "27": [
        [
            -0.09344271333946078,
            0.13620803641787743
        ],
        [
            -0.13007846485509042,
            0.17294857065917013
        ],
        [
            -0.07281620744658276,
            0.16241280457823917
        ],
        [
            0.1324107611934946,
            -0.09334135858717571
        ],
        [
            0.16314626518469427,
            -0.3883860817594405
        ],
        [
            0.15109640278543396,
            -0.5379657083277226
        ],
        [
            0.12435647467984177,
            -0.2145913399589307
        ],
        [
            -0.026739595713323662,
            0.19996571012412012
        ],
        [
            -0.11058482838246599,
            0.2100681096113063
        ],
        [
            -0.13285266309842148,
            0.17118319609671778
        ],
        [
            -0.11647077805133543,
            0.13182473869547778
        ]
    ]
}