{
    "26": [
        [
            0.13217548425300252,
            0.23175739314984103
        ],
        [
            0.1669237208295355,
            0.32001568886558984
        ],
        [
            -0.1543078206341554,
            -0.4275608983303732
        ],
        [
            -0.13360296243724065,
            -0.574734952926887
        ],
        [
            0.10475889689432448,
            0.24451924999874003
        ],
        [
            0.1089342031569822,
            0.19836197578762593
        ]
    ],
    "28": [
        [
            0.11429689729820051,
            0.20309236278035758
        ],
        [
            0.13931998266762832,
            0.28319283187405714
        ],
        [
            0.08696528722944152,
            0.2533621945683539
        ],
        [
            -0.03053175447193179,
            0.0027369741556348207
        ],
        [
            -0.1462302920330412,
            -0.5181050052782576
        ],
        [
            -0.11819068793625291,
            -0.191604453360452
        ],
        [
            0.09780284224322354,
            0.20908912138042648
        ],
        [
            0.10939851553010503,
            0.1666743897577222
        ]
    ]
}